first_name,last_name,email,birthday,password
Богодар,Товстоліс,skorykmariia@example.com,1979-09-30,L)R59d^w1O
Лукʼян,Гук,allaandriishyn@example.com,2002-03-21,$(r$Wo#se3
Володимира,Ажажа,ostap37@example.org,2002-02-03,Kve2)Oe*8_
Христина,Баштан,lesbalaban@example.net,1983-05-01,oE(7ERvt1&
Одарка,Алексеєнко,uhavryliv@example.com,1996-08-04,Si^%8GbT)h
Юстина,Талан,nadiia06@example.net,1992-08-23,mk69VWpk@)
Христина,Височан,ievaisaienko@example.com,1995-06-17,2$4Krwkz)q
Ілля,Радченко,onysym72@example.com,1976-12-27,(p4pEXys9l
Орина,Балабан,davyd30@example.net,1986-07-23,N*6$(Qbsn9
Онисим,Голобородько,hanna24@example.com,1986-02-13,&d47+UNsRB
Павло,Лагода,uzatula@example.org,1987-03-07,9zcAY$Ys$Y
Демʼян,Микитюк,hohol-ianovskyimarusia@example.org,1976-09-27,_0zHiE12Mf
Аліна,Верменич,ievheniemelianenko@example.com,1983-05-07,_7L$Mtp2IV
Аніта,Перебийніс,gtelychenko@example.org,2000-05-22,j+L)9IQg_c
Христина,Данченко,tvasylevych@example.net,1980-02-02,%jPDxIBZ9R
Дарина,Устенко,panteleimonkozak@example.com,1998-12-06,T8Bvcj)j#O
Альберт,Саченко,orynakozak@example.com,1995-05-01,%3ScUoypPO
Онисим,Левченко,artemfesenko@example.org,1977-07-13,70Sda)gb+o
Роман,Ребрик,atkach@example.org,1994-02-18,IwMaM2Xa)b
Леонід,Бабариченко,klavdiia71@example.net,2001-07-23,2qHyMlBM@w
Григорій,Цушко,kbaran@example.org,2001-10-22,z^25KhVwEe
Олег,Андрійчук,ptelychenko@example.org,1998-02-19,P@s0AsOnV(
Роксолана,Рябошапка,mazurmykolai@example.com,2000-06-04,%6d7CcXgpE
Юстина,Вакуленко,vira56@example.net,2002-01-05,x6C72Uvt)5
Олександр,Шевченко,maksym45@example.net,1977-05-18,f6VDhduG+C
Златослава,Цимбалюк,nestortverdokhlib@example.net,2002-10-31,@IYFfS0q8_
Одарка,Петренко,sdrobakha@example.com,1997-05-10,j78NPgyF%K
Світлана,Яценко,leonidievdokymenko@example.net,1990-03-07,+vlm7Gfc4Q
Іван,Баран,ustymonufriienko@example.com,1979-03-07,!29d5Jye*r
Данило,Бабич,vasyliatseniuk@example.org,1983-05-19,4t9EMsCqP!
Одарка,Забіла,kostiantyngzhytskyi@example.com,1986-01-25,v*7PFTxLS)
Леопольд,Лаба,snizhana21@example.org,1990-06-25,!rEjnBKv28
Марʼяна,Вдовенко,mykhailiukodarka@example.org,2002-01-28,h1ERapai)d
Соломія,Щербань,viacheslavvasylechko@example.net,1991-06-18,)m3d%E2$T5
Дарина,Бабко,orysia54@example.org,1988-08-30,iiV0JTZhA+
Арсен,Малик,viktoriia20@example.org,2002-06-29,#l5OiJhqrf
Едита,Шведченко,piddubnyiiakiv@example.com,1991-06-22,Jup19FY24#
Охрім,Стельмах,klavdiiazabila@example.net,1982-01-30,!+eV#3YcVl
Юстим,Луценко,anton75@example.com,2002-02-01,_4Jrii45qo
Адам,Туркало,iaryna38@example.org,1995-12-12,N93V4vXu(i
Назар,Деркач,vmykhailiuk@example.com,1980-12-22,@3jg0ZAg+c
Володимира,Перепелиця,feofan59@example.com,1988-01-13,+pE7Q2GiEr
Тимофій,Адамчук,rostyslav55@example.com,1990-03-30,bm6DEWBh%4
Софія,Щербак,tpalii@example.org,1984-12-04,S2OpD2ls%x
Венедикт,Доценко,dkhmara@example.com,1999-07-13,4S*8McvU_#
Юстина,Даниленко,ktkachenko@example.org,1996-03-10,3(9D7jcK1b
Розалія,Малишко,ievtushokorysia@example.net,1996-06-04,ttJ9tBrR^$
Марія,Затула,zhurbarozaliia@example.org,1995-03-31,d2bqTE#S*I
Франц,Андрійович,rozaliiavalenko@example.net,1991-05-22,6vi5DUVm1^
Вʼячеслав,Атаманчук,martalaba@example.com,1994-12-28,C1ku&QvC!R
Микита,Ємельяненко,tsarenkotaras@example.org,1982-08-02,#c9OvwR#6l
Данило,Сімашкевич,adamenkovalentyn@example.org,1991-08-22,2_5rwPa0*0
Орест,Зарудний,artemshchors@example.com,1982-05-29,e2Ri$Fmi(0
Надія,Чумак,vasylechkodavyd@example.org,1982-11-27,vqBehRR5^6
Ада,Левченко,qkhomenko@example.org,1986-09-24,X+u!7HOtdb
Хома,Дурдинець,vashchenkotaras@example.org,2000-07-14,Pj@V7Tuoq$
Іван,Карпенко,iemetsvenedykt@example.com,1980-05-06,l*vi2BRxVe
Юстина,Козак,olhavoblyi@example.net,1984-07-25,75_CErEw+2
Златослава,Христич,martyn33@example.net,1992-05-14,h4BW87fy#j
Альбіна,Петренко,qzaika@example.org,1999-08-04,6!R4THSt$0
Мирон,Демʼяненко,rbhydenko@example.net,1978-02-13,@1KnAQIzfM
Анастасія,Чумаченко,myron05@example.net,1983-12-12,&0GBo(Pa*U
Ліза,Носаченко,pavlenkoanton@example.com,1981-12-16,^+tWvngoX1
Анжела,Ребрик,qtsarenko@example.net,2000-03-21,1#2A&@Xmit
Юстим,Вовк,oleksaabrahamovskyi@example.org,2000-07-24,@YX5Pl(lB4
Маруся,Канівець,oleksaverkhovynets@example.org,2001-01-19,Y3$^5Nb4uP
Мартин,Вергун,oiemets@example.com,2002-10-19,i%AOQtuz&5
Вадим,Юрчук,maryna64@example.com,1981-09-18,)xUx%h)w25
Віра,Давиденко,les59@example.com,2000-03-23,2QTCSDoD#a
Демʼян,Архимович,iustyna10@example.com,2003-06-01,Cz113zQrL*
Валентин,Базилевич,onysymdankevych@example.com,1979-05-02,&5lIOcdaq6
Ярема,Яценюк,amvrosiifranko@example.net,1984-10-04,D0XV1qCz&u
Андрій,Єрченко,bazylevychstanislav@example.com,1982-04-28,8)+7uSuzJ)
Назар,Батуринець,romanchukalbina@example.org,1981-06-03,%HC7z%@Ds8
Макар,Іващенко,avreliisahal@example.org,1991-12-08,18DvD4yj*s
Микита,Лупій,yvysochan@example.org,1983-06-08,!5d6gemFYE
Надія,Іваничук,fedir07@example.org,1993-05-07,Eb4#+MisE&
Климент,Гайденко,vitalii23@example.net,1995-11-09,AYU(15XhC1
Богданна,Дзиндра,ciurchuk@example.net,1994-04-28,G*#5Rr(%^*
Борислав,Засядько,tetianasemenchenko@example.com,1993-07-10,L!1!MRn!+N
Леонтій,Лисенко,markoavramchuk@example.com,2003-03-22,R@%qV4SpTs
Сніжана,Гаврилюк,ttychyna@example.net,1988-09-19,!O+@DfgdT9
Альберт,Щербак,tetiana95@example.net,1988-04-13,bN0fG!ao(0
Ганна,Терещук,viktoriia62@example.org,1989-07-18,19AcyiWR!6
Амалія,Верховинець,skyrylenko@example.com,1984-11-07,Rg0+t$Ap)9
Леонтій,Атаманчук,baidakedyta@example.net,1997-04-21,!8X$zQFrmQ
Назар,Данченко,iukhym08@example.net,2001-09-28,6_8KjZkx!f
Тетяна,Єрьоменко,nfilipenko@example.com,1987-04-07,!Qj1tCoKO%
Левко,Христич,ytsushko@example.org,1987-10-10,2SOFoEiw^h
Варвара,Гоголь-Яновський,somkozynovii@example.com,1981-02-27,W+N61!NZwf
Ярема,Іванченко,ckolisnychenko@example.net,1985-04-02,R5nHfRlv&6
Златослава,Гупало,arsen82@example.org,1985-10-23,R!MtW7Suz_
Лілія,Аврамчук,nataliia91@example.org,1982-11-18,c85TCzmO%Z
Орест,Алексюк,erikamykytiuk@example.net,1988-11-21,b7k7XABbl+
Гордій,Рябовіл,miroshnychenkostepan@example.com,1980-09-08,e8EpdZ6c#c
Лукʼян,Пʼятаченко,sviatoslavalysenko@example.com,1995-04-22,5@3UeMPg5M
Лілія,Бабій,babiakprokhir@example.com,2004-05-02,)6SsNGUmRW
Єлисавета,Михалюк,chaikasvitlana@example.com,1992-06-06,!7^g1uWmkC
Анастасія,Смик,oilienko@example.net,1994-12-17,qz%qAg6T$6
Мілена,Овсієнко,myroslavperebyinis@example.net,2003-09-24,^2a4KBnxG6
Ростислав,Фурс,xnesterenko@example.org,1986-06-07,bd^Pky!o*6
Дан,Голобородько,danchuksvitlana@example.com,1980-06-30,)O*2$fAeRI
Віталій,Приймак,pavlykboleslav@example.net,1994-06-30,C6B5G!9gu*
Йосип,Фаренюк,petroshelest@example.org,1984-02-08,5#3rxIDbp4
Вадим,Даньків,roksolana87@example.org,1981-06-20,MT4P1Hvt*A
Алла,Вакуленко,itytarenko@example.org,1999-02-20,Z7oHemFm&A
Болеслав,Александренко,tzakusylo@example.org,2001-02-10,L&c6JmjfwN
Григорій,Бездітко,karmaliuklevko@example.com,1985-07-25,(SAL*l0&_0
Розалія,Москаль,orkhyp47@example.com,1991-11-11,xc3haN)g&#
Федір,Терещенко,havryshkevychmarusia@example.org,1981-01-02,btqHN!@n(5
Симон,Усик,lukashveniiamyn@example.net,1986-08-11,95v_s0Zx@&
Стефан,Твердохліб,androshchukoryna@example.org,1998-02-16,_ya8Tno_NG
Гліб,Василенко,chalyivadym@example.org,1979-06-17,PVr0Y#Nu$)
Стефан,Аронець,ievtushokirena@example.org,1981-08-13,!V7NE8jQ#O
Єлисей,Дейнека,kamilla18@example.net,1988-04-23,_BQaHhn4Y4
Борис,Лагода,milena62@example.com,1998-01-02,8!U7^CPl@R
Едита,Саєнко,nataliiaadamenko@example.net,2004-06-26,16AhTDp4+g
Софія,Дробаха,vakarchukorysia@example.com,1990-11-06,W(!9Er6P1I
Єлисавета,Вахній,revapylyp@example.net,1988-11-24,@FI0BRUiAG
Артем,Калениченко,vdutka@example.org,1998-12-07,@QrxM0Ju@%
